brand_keyword,paid_search_allowed,brand_bidding_allowed,source,date_recorded,notes
hostinger,Yes,Yes,"Direct agreement with the brand (confirmed by Tali)",2026-10-03,"Network terms list Hostinger as a protected SEM keyword; direct agreement overrides"
vivid seats,Yes,Yes,"Direct agreement with the brand (confirmed by Tali)",2026-10-03,"Network terms ban bidding on Vivid Seats trademarks; direct agreement overrides"
fabletics,Yes,Yes,"Direct agreement with the brand (confirmed by Tali)",2026-10-03,"Network terms ban brand bidding; direct agreement overrides"
casetify,Yes,Yes,"Direct agreement with the brand (confirmed by Tali)",2026-10-03,"Network terms ban brand bidding; direct agreement overrides"
verizon,Yes,Yes,"Direct agreement with the brand (confirmed by Tali)",2026-10-03,"Network terms ban trademark keywords; direct agreement overrides"
nordvpn,Yes,Yes,"Direct agreement with the brand (confirmed by Tali)",2026-10-03,"Impact terms ban bidding on NordVPN; direct agreement overrides"
coursera,Yes,Yes,"Direct agreement with the brand (confirmed by Tali)",2026-10-03,"Network terms ban paid search; direct agreement overrides"
airalo,Yes,Yes,Direct agreement with the brand (confirmed by Tali),2026-10-03,Confirmed for all brands in the 2026-10-03 CJ + Impact list
aliexpress,Yes,Yes,Direct agreement with the brand (confirmed by Tali),2026-10-03,Confirmed for all brands in the 2026-10-03 CJ + Impact list
base44,Yes,Yes,Direct agreement with the brand (confirmed by Tali),2026-10-03,Confirmed for all brands in the 2026-10-03 CJ + Impact list
brandsmart,Yes,Yes,Direct agreement with the brand (confirmed by Tali),2026-10-03,Confirmed for all brands in the 2026-10-03 CJ + Impact list
capcut,Yes,Yes,Direct agreement with the brand (confirmed by Tali),2026-10-03,Confirmed for all brands in the 2026-10-03 CJ + Impact list
carwow,Yes,Yes,Direct agreement with the brand (confirmed by Tali),2026-10-03,Confirmed for all brands in the 2026-10-03 CJ + Impact list
cricut,Yes,Yes,Direct agreement with the brand (confirmed by Tali),2026-10-03,Confirmed for all brands in the 2026-10-03 CJ + Impact list
dhgate,Yes,Yes,Direct agreement with the brand (confirmed by Tali),2026-10-03,Confirmed for all brands in the 2026-10-03 CJ + Impact list
dji,Yes,Yes,Direct agreement with the brand (confirmed by Tali),2026-10-03,Confirmed for all brands in the 2026-10-03 CJ + Impact list
freecash,Yes,Yes,Direct agreement with the brand (confirmed by Tali),2026-10-03,Confirmed for all brands in the 2026-10-03 CJ + Impact list
hubspot,Yes,Yes,Direct agreement with the brand (confirmed by Tali),2026-10-03,Confirmed for all brands in the 2026-10-03 CJ + Impact list
humble bundle,Yes,Yes,Direct agreement with the brand (confirmed by Tali),2026-10-03,Confirmed for all brands in the 2026-10-03 CJ + Impact list
incogni,Yes,Yes,Direct agreement with the brand (confirmed by Tali),2026-10-03,Confirmed for all brands in the 2026-10-03 CJ + Impact list
lenovo,Yes,Yes,Direct agreement with the brand (confirmed by Tali),2026-10-03,Confirmed for all brands in the 2026-10-03 CJ + Impact list
pop mart,Yes,Yes,Direct agreement with the brand (confirmed by Tali),2026-10-03,Confirmed for all brands in the 2026-10-03 CJ + Impact list
postermywall,Yes,Yes,Direct agreement with the brand (confirmed by Tali),2026-10-03,Confirmed for all brands in the 2026-10-03 CJ + Impact list
ring doorbell,Yes,Yes,Direct agreement with the brand (confirmed by Tali),2026-10-03,Confirmed for all brands in the 2026-10-03 CJ + Impact list
ringconn,Yes,Yes,Direct agreement with the brand (confirmed by Tali),2026-10-03,Confirmed for all brands in the 2026-10-03 CJ + Impact list
shopify,Yes,Yes,Direct agreement with the brand (confirmed by Tali),2026-10-03,Confirmed for all brands in the 2026-10-03 CJ + Impact list
udemy,Yes,Yes,Direct agreement with the brand (confirmed by Tali),2026-10-03,Confirmed for all brands in the 2026-10-03 CJ + Impact list
upwork,Yes,Yes,Direct agreement with the brand (confirmed by Tali),2026-10-03,Confirmed for all brands in the 2026-10-03 CJ + Impact list
virgin voyages,Yes,Yes,Direct agreement with the brand (confirmed by Tali),2026-10-03,Confirmed for all brands in the 2026-10-03 CJ + Impact list
vrbo,Yes,Yes,Direct agreement with the brand (confirmed by Tali),2026-10-03,Confirmed for all brands in the 2026-10-03 CJ + Impact list
