brand,category,network,network_account,geo,payout_type,payout_value,payout_currency,network_share_pct,offer_status,approval_status,affiliate_link,paid_search_allowed,brand_bidding_allowed,direct_linking_allowed,other_restrictions,cookie_days,tracking_reliability,conversions_reconcilable,keyword,search_volume,search_volume_source,cpc,cpc_currency,cpc_source,cpc_date,commercial_intent,intent_reason,verified_aov,notes
DemoVPN,VPN,NetA,Bulls main,US,CPA,60,USD,20,Active,Approved,https://example.com/a1,Yes,Yes,Yes,,30,HIGH,Yes,demovpn,1200000,Google Keyword Planner,0.45,USD,Google Keyword Planner,2026-09-28,HIGH,"Branded searches lead to a paid subscription page",,
DemoVPN,VPN,NetB,Bulls 2,US,CPA,55,USD,0,Active,Approved,https://example.com/b1,Yes,,Yes,,30,HIGH,Yes,demovpn,1200000,Google Keyword Planner,0.45,USD,Google Keyword Planner,2026-09-28,HIGH,,,
SampleMeal,Food delivery,NetA,Bulls main,US,CPA,35,USD,0,Active,Approved,https://example.com/a2,Yes,Yes,Yes,,7,HIGH,Yes,samplemeal,450000,Google Keyword Planner,0.25,USD,Google Keyword Planner,2026-09-29,HIGH,"Searchers want to order or get a first-box discount",,
ExampleFit,Fitness,NetC,Bulls main,UK,CPS,8%,GBP,0,Active,Approved,https://example.com/c1,Yes,Yes,Yes,,30,HIGH,Yes,examplefit,600000,Google Keyword Planner,0.40,GBP,Google Keyword Planner,2026-09-29,HIGH,"Shop brand, product searches",,
DemoInsure,Insurance,NetA,Bulls main,US,CPL,120,USD,0,Active,Approved,https://example.com/a3,Yes,Yes,Yes,,30,HIGH,Yes,demoinsure,700000,Google Keyword Planner,6.50,USD,Google Keyword Planner,2026-09-29,HIGH,"Quote searches",,
SampleStream,Streaming,NetB,Bulls 2,US,CPA,10,USD,0,Active,Approved,https://example.com/b2,Yes,Yes,Yes,,30,HIGH,Yes,samplestream,3000000,Google Keyword Planner,0.20,USD,Google Keyword Planner,2026-09-29,LOW,"Mostly existing users logging in",,
TinyBrand,Gadgets,NetA,Bulls main,US,CPA,40,USD,0,Active,Approved,https://example.com/a4,Yes,Yes,Yes,,30,HIGH,Yes,tinybrand,90000,Google Keyword Planner,0.30,USD,Google Keyword Planner,2026-09-29,HIGH,,,
DemoTax,Finance,NetC,Bulls main,US,CPA,70,USD,0,Active,Approved,https://example.com/c2,No,No,Yes,"No search traffic of any kind",30,HIGH,Yes,demotax,2500000,Google Keyword Planner,1.10,USD,Google Keyword Planner,2026-09-29,HIGH,"Filing season searches",,
ExampleHost,Web hosting,NetB,Bulls 2,US,CPA,100,USD,10,Active,Pending,https://example.com/b3,Yes,Yes,Yes,,60,HIGH,Yes,examplehost,800000,Google Keyword Planner,1.80,USD,Google Keyword Planner,2026-09-29,MEDIUM,"Many searches are existing customers looking for login or support",,
SampleLearn,Education,NetD,Bulls EU,DE,CPA,40,EUR,0,Active,Approved,https://example.com/d1,Yes,Yes,No,"Landing page required",30,HIGH,Yes,samplelearn,300000,Google Keyword Planner,0.35,EUR,Google Keyword Planner,2026-09-30,HIGH,"Course and price searches",,
DemoBank,Finance,NetA,Bulls main,US,CPA,90,USD,0,Active,Approved,https://example.com/a5,Yes,Yes,Yes,,30,HIGH,Yes,,,,0.80,USD,Google Keyword Planner,2026-09-29,HIGH,,,
ExampleSoftware,Software,NetA,Bulls main,US,CPA,80,USD,0,Active,Approved,https://example.com/a6,Yes,Yes,Yes,,30,HIGH,Yes,examplesoftware,500000,Google Keyword Planner,0.90,USD,Google Keyword Planner,2026-09-29,MEDIUM,"Mix of buyers and existing users",,
DemoTravel,Travel,NetB,Bulls 2,US,CPA,25,USD,0,Active,Approved,https://example.com/b4,Yes,Yes,Yes,,14,MEDIUM,Yes,demotravel,650000,Google Keyword Planner,0.30,USD,Google Keyword Planner,2026-07-01,HIGH,"Booking searches",,
SampleBox,Subscription box,NetC,Bulls main,US,CPA,45,USD,0,Active,Approved,https://example.com/c3,Yes,Yes,Yes,,30,MEDIUM,Yes,samplebox,900000,Google Keyword Planner,0.55,USD,Google Keyword Planner,2026-09-30,HIGH,"Pricing and first-box offers",,
DemoPets,Pets,NetD,,US,CPA,30,USD,,Active,,,,,,,,,,demopets,400000,Google Keyword Planner,,,,,,,,"Copied from a network list, not checked yet"
