Rank,Brand,Market,Source,Searches/mo,CPC $,Earn per sale,Payout basis,Conversion needed for 5x ROAS,Order value needed for 5x at 3% conversion,Total test budget,Daily budget,Max clicks,Why chosen,Main risk
1,NCL – Norwegian Cruise Line,US,Intango,368000,0.26,$97.50 kept,fixed $150 (lowest listed); $150.00 payout → $97.50 kept after Bulls 35%,1.33%,,$98,$13.93/day for 7 days,375,Cruise bookings pay a flat $150 while the brand click costs only $0.26. Highest payout-to-click ratio of all offers with a known payout.,Intango is a sub-network: confirm $150 is what reaches you and what counts as a booking.
2,waipu.tv,DE,digidip,450000,0.09,$25.54 kept,fixed up to €35 (top listed tier); $39.29 payout → $25.54 kept after Bulls 35%,1.76%,,$26,$3.65/day for 7 days,284,Very cheap clicks ($0.09) against a fixed subscription payout. Streaming sign-ups convert well from brand searches.,€35 is the top tier; the common plan may pay less. German ads needed.
3,sky.de,DE,digidip,450000,0.06,$14.59 kept,€20 average actually paid per sale (digidip observed); $22.45 payout → $14.59 kept after Bulls 35%,2.06%,,$15,$2.09/day for 7 days,244,"Cheapest clicks in the list ($0.06) and a payout based on real past sales, not an estimate.","Many sky searches are existing customers (login, support); exclude those with negative keywords."
4,Ulys (toll badge),FR,digidip,301000,0.03,$6.57 kept,fixed €9; $10.10 payout → $6.57 kept after Bulls 35%,2.28%,,$7,$1.00/day for ~7 days (stop at click limit),219,"Clicks cost $0.03, so even a small fixed payout reaches 5x ROAS at 1.5% conversion.",Small payout per sale: needs volume; French ads needed.
5,1&1,DE,digidip,450000,0.29,$58.37 kept,fixed up to €80 (top listed tier); $89.80 payout → $58.37 kept after Bulls 35%,2.48%,,$59,$8.37/day for 7 days,202,Internet/mobile contracts pay a high fixed amount; brand searches show buying intent for tariffs.,€80 is the top tier (likely a DSL/fibre contract); mobile may pay less.
6,Virgin Voyages,US,Impact (NYJL),368000,0.9,$156.00 kept,"12% × ~$2,000 cabin (public estimate); $240.00 payout → $156.00 kept after Bulls 35%",2.88%,,$157,$22.37/day for 7 days,174,Expensive product × 12% commission = large payout per booking; you are approved directly on Impact.,Order value is a public estimate; the test must confirm it.
7,Lenovo India,IN,Impact (NYJL),450000,0.09,$9.32 kept,"4% × ~₹34,000 laptop (public estimate), paid in INR; $14.34 payout → $9.32 kept after Bulls 35%",4.83%,,$9,$1.34/day for 7 days,104,Extremely cheap clicks ($0.09) for laptop buyers; 4% of a laptop covers them many times over.,Payout in rupees; order value is an estimate; Indian market CR unknown.
8,Linvosges,FR,pickalink,201000,0.16,$16.39 kept,fixed €22.46 (lowest listed); $25.21 payout → $16.39 kept after Bulls 35%,4.88%,,$16,$2.35/day for 7 days,103,Premium French home-linen brand with a fixed payout and cheap clicks.,pickalink is a sub-network: confirm net payout.
9,Freebox,FR,digidip,823000,0.45,$37.06 kept,€50.80 average actually paid per sale (digidip observed); $57.02 payout → $37.06 kept after Bulls 35%,6.07%,,$37,$5.34/day for 7 days,83,Internet box subscriptions pay a high observed commission; 823k searches.,"Many searches are existing subscribers (Freebox OS, support)."
10,Süddeutsche Zeitung,DE,digidip,450000,1.4,$94.85 kept,fixed up to €130 (top listed tier); $145.93 payout → $94.85 kept after Bulls 35%,7.38%,,$95,$13.60/day for 7 days,68,Very high fixed payout for a subscription.,"Most searches are readers, not buyers: lower intent. €130 is the top tier."
11,DirecTV,US,Intango,1220000,1.22,$78.00 kept,fixed $120 (lowest listed); $120.00 payout → $78.00 kept after Bulls 35%,7.82%,,$78,$11.15/day for 7 days,64,High fixed payout per new TV subscription; 1.2M searches.,"Many searches are existing customers (bill pay, login)."
12,ZipRecruiter,US,Intango,823000,1.11,$68.25 kept,fixed $105 (lowest listed); $105.00 payout → $68.25 kept after Bulls 35%,8.13%,,$69,$9.83/day for 7 days,62,High fixed payout.,Payout is most likely for employers; most searchers are job seekers.
13,Kampgrounds of America (KOA),US,Shopnomix,201000,0.16,$9.75 kept,fixed 15 (currency not stated); $15.00 payout → $9.75 kept after Bulls 35%,8.21%,,$10,$1.39/day for 7 days,61,"Cheap clicks, campsite bookings.",Currency of the payout not stated.
14,Free Mobile,FR,digidip,2240000,0.26,$15.65 kept,€21.45 average actually paid (digidip observed); $24.08 payout → $15.65 kept after Bulls 35%,8.31%,,$16,$2.27/day for 7 days,61,"2.2M searches, real observed payout.",Existing customers dominate searches.
15,Coolblue,DE,digidip,201000,0.08,—,9% (digidip observed rate) → 6.3% to us after digidip's 30% share → 4.09% kept after Bulls 35%,needs order value,$326,after order value is known,—,,Electronics retailer: big baskets × 9% against $0.08 clicks.,Order value not verified.
16,Eventim,DE,digidip,1830000,0.07,—,25% (digidip observed rate) → 17.5% to us after digidip's 30% share → 11.38% kept after Bulls 35%,needs order value,$103,after order value is known,—,,"1.8M searches, $0.07 clicks, high observed rate on tickets.",25% is unusually high; confirm it is % of the ticket price.
17,OBI,DE,Intango,1500000,0.04,—,10% (listed) → 6.50% kept after Bulls 35%,needs order value,$103,after order value is known,—,,"DIY store, 1.5M searches, $0.04 clicks.",Order value not verified; Intango rate basis to confirm.
18,Temu,FR,pickalink,3350000,0.08,—,23.3% (listed) → 15.13% kept after Bulls 35%,needs order value,$88,after order value is known,—,,"Huge volume, cheap clicks, very high rate.",Temu usually pays new users only; order value not verified.
19,Temu,DE,pickalink,3350000,0.1,—,23.3% (listed) → 15.13% kept after Bulls 35%,needs order value,$110,after order value is known,—,,Same as Temu FR.,Same as Temu FR.
20,Build-A-Bear,US,Intango,823000,0.04,—,10% (listed) → 6.50% kept after Bulls 35%,needs order value,$103,after order value is known,—,,"$0.04 clicks, gift purchases.",Order value not verified.
21,toom Baumarkt,DE,Intango,550000,0.07,—,12% (listed) → 7.80% kept after Bulls 35%,needs order value,$150,after order value is known,—,,"DIY store, cheap clicks, high rate.",Order value not verified.
22,Groupon,FR,digidip,301000,0.04,—,7% (digidip observed rate) → 4.9% to us after digidip's 30% share → 3.18% kept after Bulls 35%,needs order value,$209,after order value is known,—,,$0.04 clicks.,Small baskets.
23,DJI,US,Impact (CyberKick),246000,0.53,$24.38 kept,5% default × ~$750 (public estimate); $37.50 payout → $24.38 kept after Bulls 35%,10.87%,,$24,$3.48/day for 7 days,46,Drones are expensive; 5% default rate in the contract.,Some product lists pay 0–2%; order value estimated.
24,Home Depot,US,Mony Group,30400000,0.14,$6.51 kept,3.2% × ~$313 (public estimate); $10.02 payout → $6.51 kept after Bulls 35%,10.75%,,$7,$1.00/day for ~7 days (stop at click limit),47,30M searches at $0.14 per click.,"digidip's real data shows only ~€4.83 per sale, which would need ~13% conversion."
25,The Times,GB,digidip,301000,0.31,$13.95 kept,€19 average actually paid (digidip observed); $21.46 payout → $13.95 kept after Bulls 35%,11.11%,,$14,$1.99/day for 7 days,45,Subscription payout observed.,"Mostly readers, not buyers."
26,Vrbo,US,CJ (NYJL),2740000,0.43,$17.89 kept,"2% × ~$1,376 booking (public estimate); $27.52 payout → $17.89 kept after Bulls 35%",12.02%,,$18,$2.58/day for 7 days,42,"2.7M searches, high booking values.",2% rate is low; estimate is rough.
27,Intersport,DE,Intango,301000,0.07,—,10% (listed) → 6.50% kept after Bulls 35%,needs order value,$179,after order value is known,—,,"Sports retailer, cheap clicks.",Order value not verified.
28,Castorama,FR,Intango,2740000,0.07,—,8% (listed) → 5.20% kept after Bulls 35%,needs order value,$224,after order value is known,—,,"DIY, 2.7M searches, $0.07 clicks.",Order value not verified.
29,Lidl,DE,pickalink,11100000,0.05,—,6.65% (listed) → 4.32% kept after Bulls 35%,needs order value,$193,after order value is known,—,,11M searches at $0.05.,Most Lidl searches are about the physical store (flyers).
30,Target,US,Intango,45500000,0.07,—,8% (listed) → 5.20% kept after Bulls 35%,needs order value,$224,after order value is known,—,,45M searches at $0.07.,Target pays 1–8% by category; 8% is probably the top category.
31,Flaconi,DE,Intango,550000,0.17,—,20% (listed) → 13.00% kept after Bulls 35%,needs order value,$218,after order value is known,—,,Beauty retailer with a high rate.,Order value not verified.
32,Office Depot,US,Mony Group,2740000,0.15,$6.05 kept,2.4% × ~$388 (public estimate); $9.31 payout → $6.05 kept after Bulls 35%,12.39%,,$6,$1.00/day for ~7 days (stop at click limit),41,"Cheap clicks, large B2B baskets.",Electronics pay only 0.4%.
33,Spartoo,FR,pickalink,201000,0.19,$7.60 kept,fixed €10.41 (lowest listed); $11.69 payout → $7.60 kept after Bulls 35%,12.50%,,$8,$1.09/day for 7 days,40,Fixed payout per sale.,Small payout.
34,Temu,CA,pickalink,1000000,0.16,—,23.3% (listed) → 15.13% kept after Bulls 35%,needs order value,$176,after order value is known,—,,"High rate, 1M searches.",New users only (typical).
35,Temu,GB,pickalink,2240000,0.19,—,23.3% (listed) → 15.13% kept after Bulls 35%,needs order value,$209,after order value is known,—,,"High rate, 2.2M searches.",New users only (typical).
36,Temu,AU,pickalink,1000000,0.2,—,23.3% (listed) → 15.13% kept after Bulls 35%,needs order value,$220,after order value is known,—,,"High rate, 1M searches.",New users only (typical).
37,Air Caraïbes,FR,digidip,246000,0.31,$10.50 kept,€14.40 average actually paid (digidip observed); $16.16 payout → $10.50 kept after Bulls 35%,14.76%,,$11,$1.51/day for 7 days,34,Real observed payout on flights.,Needs ~10% conversion for 5x.
38,Sling TV,US,Cactus Media,823000,0.6,$19.50 kept,fixed $30 per lead; $30.00 payout → $19.50 kept after Bulls 35%,15.38%,,$20,$2.83/day for 7 days,33,"Fixed payout, solid volume.",Needs 10% conversion for 5x; lead definition to confirm.
39,Walmart,US,Mony Group,55600000,0.09,$2.94 kept,4% × ~$113 (public estimate); $4.52 payout → $2.94 kept after Bulls 35%,15.32%,,$3,$1.00/day for ~3 days (stop at click limit),33,55M searches at $0.09.,Payout per sale is small; categories pay 0–4%.
40,Depop,US,digidip,1830000,0.1,$3.25 kept,€4.45 average actually paid (digidip observed); $5.00 payout → $3.25 kept after Bulls 35%,15.38%,,$3,$1.00/day for ~4 days (stop at click limit),33,"Cheap clicks, real payout data.",Small payout per sale.
41,SHEIN,FR,FlexOffers,3350000,0.14,$4.41 kept,12% new customers × ~$57 (global estimate); $6.79 payout → $4.41 kept after Bulls 35%,15.86%,,$4,$1.00/day for ~5 days (stop at click limit),32,"3.4M searches, cheap clicks.",Existing customers pay 0.8%.
42,Temu,US,Intango,5000000,0.14,—,10–22% (listed) → 6.50% kept after Bulls 35%,needs order value,$359,after order value is known,—,,5M searches.,Rate range wide.
43,Bahn (Deutsche Bahn),DE,Intango,823000,0.04,—,4% (listed) → 2.60% kept after Bulls 35%,needs order value,$256,after order value is known,—,,$0.04 clicks for train tickets.,Low rate; many searches are timetable lookups.
44,Micromania,FR,Intango,550000,0.04,—,4% (listed) → 2.60% kept after Bulls 35%,needs order value,$256,after order value is known,—,,"Video-game retailer, $0.04 clicks.",Low rate.
45,West Marine,US,FlexOffers,368000,0.38,$10.69 kept,6% × ~$274 (public estimate); $16.44 payout → $10.69 kept after Bulls 35%,17.78%,,$11,$1.57/day for 7 days,29,Large boating baskets.,Needs ~12% conversion for 5x.
46,Vodafone,GB,Intango,673000,0.73,$19.50 kept,fixed $30 (lowest listed); $30.00 payout → $19.50 kept after Bulls 35%,18.72%,,$20,$2.82/day for 7 days,27,Fixed payout per contract.,Needs ~12% conversion.
47,Biocoop,FR,digidip,246000,0.16,$4.23 kept,€5.79 average actually paid (digidip observed); $6.50 payout → $4.23 kept after Bulls 35%,18.93%,,$4,$1.00/day for ~5 days (stop at click limit),27,Real payout data.,Small payout.
48,Qonto,FR,digidip,301000,1.68,$43.78 kept,fixed €60; $67.35 payout → $43.78 kept after Bulls 35%,19.19%,,$45,$6.48/day for 7 days,27,High fixed payout per business account.,Expensive clicks; B2B.
49,TradingView,US,digidip,1220000,0.87,$22.15 kept,€30.36 average actually paid (digidip observed); $34.08 payout → $22.15 kept after Bulls 35%,19.64%,,$23,$3.23/day for 7 days,26,"Real observed payout, 1.2M searches.",Many free users searching.
50,La Poste Mobile,FR,pickalink,201000,0.31,$7.76 kept,fixed €10.64 (lowest listed); $11.94 payout → $7.76 kept after Bulls 35%,19.97%,,$8,$1.15/day for 7 days,26,Fixed payout.,Small payout.
51,Audible,DE,pickalink,201000,0.39,$9.70 kept,fixed €13.30 (lowest listed); $14.93 payout → $9.70 kept after Bulls 35%,20.09%,,$10,$1.39/day for 7 days,25,Fixed payout per trial/subscription.,Needs ~13% conversion.
52,Ubisoft,US,Intango,301000,0.18,$4.33 kept,fixed $6.66 (lowest listed); $6.66 payout → $4.33 kept after Bulls 35%,20.79%,,$4,$1.00/day for ~5 days (stop at click limit),25,Cheap clicks.,Small payout.
53,Expedia,US,digidip,5000000,0.15,$3.33 kept,€4.56 average actually paid (digidip observed); $5.12 payout → $3.33 kept after Bulls 35%,22.54%,,$3,$1.00/day for ~4 days (stop at click limit),23,"5M searches, real payout data.",Small average payout.
54,Galeria,DE,Intango,201000,0.1,—,8% (listed) → 5.20% kept after Bulls 35%,needs order value,$321,after order value is known,—,,"Department store, cheap clicks.",Order value not verified.
55,Sally Beauty,US,Shopnomix,2240000,0.11,—,8% (listed) → 5.20% kept after Bulls 35%,needs order value,$353,after order value is known,—,,"2.2M searches, cheap clicks.",Order value not verified.
56,Woot,US,Intango,246000,0.09,—,7% (listed) → 4.55% kept after Bulls 35%,needs order value,$330,after order value is known,—,,Cheap clicks.,Order value not verified.
57,Fielmann,DE,digidip,823000,0.18,—,8% (digidip observed rate) → 5.6% to us after digidip's 30% share → 3.64% kept after Bulls 35%,needs order value,$824,after order value is known,—,,Eyewear: high baskets.,Many searches are for stores/appointments.
58,MediaMarkt,DE,Intango,4090000,0.07,—,3% (listed) → 1.95% kept after Bulls 35%,needs order value,$598,after order value is known,—,,"4M searches, big electronics baskets.",Low rate.
59,eBay,US,digidip,24900000,2.03,$357.50 kept,fixed up to $550 (top listed tier) — base is 3%; $550.00 payout → $357.50 kept after Bulls 35%,2.84%,,$300,$42.86/day for 7 days,147,Huge volume.,The $550 is a special bounty; normal payout is ~3% of sale. Expensive clicks.
60,Hugendubel,DE,digidip,450000,0.09,—,10% (digidip observed rate) → 7% to us after digidip's 30% share → 4.55% kept after Bulls 35%,needs order value,$330,after order value is known,—,,"Books, cheap clicks.",Small baskets.
61,Groupon,US,Intango,1500000,0.06,—,4.5–10% (listed) → 2.93% kept after Bulls 35%,needs order value,$342,after order value is known,—,,Cheap clicks.,Small baskets.
