affise_id,title,status,external_offer_id,url_domain,categories,countries,clicks_60d,conversions_60d,income_60d
671,Teachable-WW-MR,active,mr1_5631,roverng.trckqq.com,,,810,0,0.0
699,Reverb-US-DD,active,dd_255860,bold-story.digidip.net,,,3,0,0.0
700,Shopify-US-IMCK,active,imp_ck_jRDM20,shopify.pxf.io,,,0,0,0.0
703,Swimply-US-DD,active,dd_swimply,bold-story.digidip.net,,,7635,435,87.02
704,Shopify-US-FS,active,fs_5685,flickstree.gotrackier.com,,,0,0,0.0
705,Carwow-UK-IMNY,active,imp_ny_VOvkKE,carwow-uk.pxf.io,,,10006,45,126.25
707,Greyhound-US-DD,active,dd_255725,bold-story.digidip.net,,,9520,1396,1220.3
709,Lumibricks-US-IMNY,active,imp_ny_E0gokD,funwhole.sjv.io,,,6830,17,121.93
710,xTool-WW-DD,active,dd_241503,bold-story.digidip.net,,,4,0,0.0
712,Decathlon-US-DD,active,dd_258068,bold-story.digidip.net,,,3,0,0.0
713,PureVPN-WW-DD-TN,active,dd_13771_tn,www.track-node.com,,,3,1,4.08
714,BestBuy-US-FX-SRTG,active,fx_1679416,track.flexlinkspro.com,,,781,4,7.32
715,Coursera-US-IMCK,active,imp_ck_xJX0Rv,imp.i384100.net,,,3171,6,127.25
716,AceHardware-US-FX-SRTG,active,fx_1703239,track.flexlinkspro.com,,,3078,10,11.92
717,AloYoga-US-FX-SRTG,active,fx_551731,track.flexlinkspro.com,,,4769,6,97.92
718,Ariat-US-FX-SRTG,active,fx_2007852,track.flexlinkspro.com,,,3225,0,0.0
719,Costco Membership -US-FX-SRTG,active,fx_1101191738,track.flexlinkspro.com,,,6244,0,0.0
720,COUTR-US-FX-SRTG,active,fx_2000000004,track.flexlinkspro.com,,,1357,0,0.0
721,Clarks-US-FX-SRTG,active,fx_3714472,track.flexlinkspro.com,,,0,0,0.0
722,UrbanOutfitters-US-DD,active,dd_urbanoutfitters,bold-story.digidip.net,,,0,0,0.0
724,True Classic Tees-US-DD,active,dd_268991,bold-story.digidip.net,,,0,0,0.0
725,Reformation-WW-DD,active,dd_224219,bold-story.digidip.net,,,0,0,0.0
726,CASETiFY-UK-IMCK,active,imp_ck_WOzLLn,casetifyuk.pxf.io,,,0,0,0.0
727,Swimply-US-AW,active,aw_117149,www.awin1.com,,,1135,2,15.46
728,SpotHero-US-DD,active,dd_248949,bold-story.digidip.net,,,21162,1158,1119.22
729,LittleSleepies-US-DD,active,dd_littlesleepies,bold-story.digidip.net,,,20,17,2.09
730,Etsy-CA-FX-SRTG,active,fx_2000000003,track.flexlinkspro.com,,,3179,7,5.66
731,CASETiFY-WW-ADT,active,adt_33090,bywiola.com,,,3321,12,32.0
732,Fiverr-WW-DIR,active,dir_fiverr_1174227,go.fiverr.com,,,8980,0,0.0
733,12Go-WW-CJ,active,cj_17115164,www.dpbolvw.net,,,2,1,1.85
734,Sephora-US-SX,active,sx_sephora_us,r.v2i8b.com,,,2,0,0.0
735,Eneba-WW-SX,active,sx_eneba,r.v2i8b.com,,,3,0,0.0
736,Super-US-DD,active,dd_262927,bold-story.digidip.net,,,6557,22,99.41
737,RenegadeGameStudios-UK-DD,active,dd_311471,bold-story.digidip.net,,,258,0,0.0
738,Prose-US-DD,active,dd_7119-51-00,bold-story.digidip.net,,,2710,68,5.02
739,CVS-US-DD,active,dd_3865-59-00,bold-story.digidip.net,,,18813,0,0.0
740,Semrush-US-DD,active,dd_7392-09-00,bold-story.digidip.net,,,0,0,0.0
741,Greyhound-US-PAL,active,pal_greyhound-com,www.pickalink.com,,,1817,1773,594.19
742,WPEngine-US-DD,active,dd_267978,bold-story.digidip.net,,,5065,0,0.0
743,Scheels-US-DD,active,dd_248167,bold-story.digidip.net,,,17017,121,1442.84
744,Crunchyroll-US-DD,active,dd_8019-49-00,bold-story.digidip.net,,,462,0,0.0
745,AARP-US-DD,active,dd_7333-10-00,bold-story.digidip.net,,,4204,2,27.44
746,Upstart-US-DD,active,dd_7359-10-00,bold-story.digidip.net,,,82,0,0.0
747,Eufy-US-DD,active,dd_7333-40-00,bold-story.digidip.net,,,98,9,0.19
748,Eureka-US-IMNY,active,imp_ny_k42ZjL,useurekacom.sjv.io,,,3518,1,13.2
749,KateSpadeOutlet-US-DD,active,dd_262302,bold-story.digidip.net,,,0,0,0.0
750,Vertbaudet-FR-DD,active,dd_15178,bold-story.digidip.net,,,0,0,0.0
751,HollandAmerica-US-DD,active,dd_279811,bold-story.digidip.net,,,0,0,0.0
752,TurkishAirlines-WW-DD,active,dd_8290,bold-story.digidip.net,,,0,0,0.0
753,True Classic Tees-US-MF,active,mf_834108,quxfjrw.com,,,0,0,0.0
754,KateSpadeOutlet-US-MF,active,mf_624372,quxfjrw.com,,,0,0,0.0
755,UrbanOutfitters-CA-MF,active,mf_762387,quxfjrw.com,,,0,0,0.0
756,Nike-FR-MF,active,mf_541799,quxfjrw.com,,,0,0,0.0
758,Motoblouz-FR-PAL,active,pal_motoblouz-com,www.pickalink.com,,,0,0,0.0
759,Boscovs-US-MF,active,mf_663284,quxfjrw.com,,,0,0,0.0
760,Walmart-CA-MF,active,mf_543311,quxfjrw.com,,,0,0,0.0
762,TurkishAirlines-US-SHX,active,shx_turkishairlines_us,r.v2i8b.com,,,0,0,0.0
763,Shapermint-US-SHX,active,shx_shapermint_us,r.v2i8b.com,,,0,0,0.0
764,Fabletics-US-IMNY,active,imp_ny_DWAK6q,fableticsperformance.pxf.io,,,5425,38,341.0
765,DocHub-US-IMNY,active,imp_ny_NGy3jN,dochub.sjv.io,,,0,0,0.0
766,SpotHero-US-DD-RV,active,dd_248949_rv,read-vault.digidip.net,,,11412,336,339.85
767,SpotHero-US-DD-ER,active,dd_248949_er,elite-reads.digidip.net,,,13277,246,216.58
768,Scheels-US-DD-RV,active,dd_248167_rv,read-vault.digidip.net,,,13598,114,1277.76
769,Scheels-US-DD-ER,active,dd_248167_er,elite-reads.digidip.net,,,13521,94,813.59
770,BestBuy-US-MNY,active,mny_p5200387ad48,secure.money.com,,,3055,86,1154.64
771,Kohls-US-MNY,active,mny_z9569559f3cc,secure.money.com,,,3765,7,24.51
772,Etsy-US-DD-BS,active,dd_etsy_bs,bold-story.digidip.net,,,7991,299,240.21
773,RestDuvet-US-DD-BS,active,dd_255071_bs,bold-story.digidip.net,,,0,0,0.0
774,MasterClass-US-MF,active,mf_619812,quxfjrw.com,,,3103,0,0.0
775,HumeHealth-US-MF,active,mf_719271,quxfjrw.com,,,6244,15,249.75
776,ShopLC-US-MF,active,mf_543136,quxfjrw.com,,,1738,0,0.0
778,FlixBus-US-MF-ER,active,mf_553769,quxfjrw.com,,,3299,44,27.77
780,Clarks-US-MF-ER,active,mf_547352,quxfjrw.com,,,268,1,5.08
781,Cricut-US-CA-IMNY-BS,active,imp_ny_n46Oax,cricut.pxf.io,,,3082,1,0.0
782,Diesel-US-MF-BS,active,mf_549509,quxfjrw.com,,,1516,13,1.84
783,SpotHero-US-MF-RV,active,mf_553016,quxfjrw.com,,,2269,44,19.24
784,BestBuy-US-MNY-RV,active,mny_p5200387ad48_rv,secure.money.com,,,3979,44,833.41
785,BestBuy-US-MNY-ER,active,mny_p5200387ad48_er,secure.money.com,,,3992,35,527.63
786,Three Mobile-GB-MF-BS,active,mf_547048,quxfjrw.com,,,0,0,0.0
787,Lusini-DE-DD-BS,active,dd_lusini_bs,bold-story.digidip.net,,,4057,43,862.06
788,MarriottBonvoyBoutiques-US-SHX-BS,active,shx_marriottbonvoyboutiques_us,s3j7c.com,,,0,0,0.0
789,ColeHaan-US-MF-RV,active,mf_542147,quxfjrw.com,,,1294,2,3.23
790,BrandSmart-US-IMJZ-BS,active,imp_jz_k4GR4L,brandsmartusa.sjv.io,,,7177,0,0.0
791,Chegg-US-MF-RV,active,mf_554661,quxfjrw.com,,,1327,0,0.0
792,ClassPass-US-MF-RV,active,mf_544534,quxfjrw.com,,,36,0,0.0
793,Semrush-WW-DD-BS,active,dd_semrush_bs,bold-story.digidip.net,,,2899,3,0.02
794,Lusini-DE-DD-RV,active,dd_lusini_rv,read-vault.digidip.net,,,0,0,0.0
795,Lusini-DE-DD-ER,active,dd_lusini_er,elite-reads.digidip.net,,,1206,0,0.0
796,Hostinger-WW-IMNY-BS,active,imp_ny_oNZOmE,hostinger.sjv.io,,,0,0,0.0
797,Airalo-WW-IMNY-BS,active,imp_ny_0GDj9V,airalo.pxf.io,,,0,0,0.0
798,Carwow-UK-IMJZ-ER,active,imp_jz_6kRBMG,carwow-uk.pxf.io,,,783,0,0.0
799,Klarmobil-DE-MF-RV,active,mf_542545,quxfjrw.com,,,1,0,0.0
800,Italo-IT-MF-RV,active,mf_616762,quxfjrw.com,,,0,0,0.0
801,ElCorteIngles-ES-MF-RV,active,mf_547660,quxfjrw.com,,,0,0,0.0
802,MasterClass-US-MF-RV,active,mf_619813,quxfjrw.com,,,0,0,0.0
803,ButcherBox-US-MF-BS,active,mf_585582,quxfjrw.com,,,0,0,0.0
804,TMobile-US-MF-BS,active,mf_611224,quxfjrw.com,,,0,0,0.0
805,Wayfair-CA-MF-BS,active,mf_909069,quxfjrw.com,,,0,0,0.0
806,FlawlessVape-US-MF-BS,active,mf_550114,quxfjrw.com,,,0,0,0.0
807,GameStop-US-MF-BS,active,mf_548368,quxfjrw.com,,,0,0,0.0
808,NAPA-US-MF-BS,active,mf_564414,quxfjrw.com,,,0,0,0.0
809,JCPenney-US-MF-BS,active,mf_664106,quxfjrw.com,,,0,0,0.0
810,Alternate-DE-MF-BS,active,mf_547777,quxfjrw.com,,,0,0,0.0
811,BBQGuys-US-MF-BS,active,mf_543765,quxfjrw.com,,,0,0,0.0
812,MassimoDutti-GB-MF-BS,active,mf_606757,quxfjrw.com,,,0,0,0.0
813,Wayfair-GB-MF-BS,active,mf_686874,quxfjrw.com,,,0,0,0.0
814,Woolrich-DE-DD-BS,active,dd_woolrich_bs,bold-story.digidip.net,,,0,0,0.0
815,FWRD-US-SHX-BS,active,shx_fwrd_us,s3j7c.com,,,0,0,0.0
816,Nike-US-SHX-BS,active,shx_nike_us,s3j7c.com,,,0,0,0.0
817,PacSun-US-MF-RV,active,mf_663440,quxfjrw.com,,,0,0,0.0
818,Udemy-US-IMNY-BS,active,imp_ny_39854,trk.udemy.com,,,0,0,0.0
819,boohooMAN-US-MF-RV,active,mf_564967,quxfjrw.com,,,0,0,0.0
820,Govee-US-MF-RV,active,mf_551536,quxfjrw.com,,,0,0,0.0
821,FentyBeauty-US-MF-RV,active,mf_552372,quxfjrw.com,,,0,0,0.0
822,Faire-US-PKL-BS,active,pkl_faire,www.pickalink.com,,,0,0,0.0
823,Verizon-US-CJ-BS,active,cj_11187187,www.kqzyfj.com,,,0,0,0.0
824,NewBalance-US-MF-RV,active,mf_551254,quxfjrw.com,,,0,0,0.0
825,BullionExchanges-US-MF-RV,active,mf_742420,quxfjrw.com,,,0,0,0.0
826,Adorama-US-MF-RV,active,mf_548605,quxfjrw.com,,,0,0,0.0
