brand,aov_usd,evidence_type,confidence,source,notes
walmart,113,analytics_estimate,MEDIUM,"gripsintelligence walmart.com Mar 2026; ECDB 2025 gross 115.92",""
home depot,313,analytics_estimate,LOW,"gripsintelligence homedepot.com ~Aug 2024","10-K average ticket $90.56 is mostly in-store"
walgreens,38,analytics_estimate,LOW,"Grips (search summary) Feb 2025",""
gap,113,analytics_estimate,MEDIUM,"gripsintelligence gap.com",""
express,88,analytics_estimate,MEDIUM,"gripsintelligence express.com Jun 2026",""
office depot,388,analytics_estimate,LOW,"gripsintelligence officedepot.com Mar 2024","likely inflated by B2B"
garmin,463,analytics_estimate,MEDIUM,"gripsintelligence garmin.com",""
sportsmans warehouse,110,analytics_estimate,LOW,"facteus card panel Q4 2024","mixes in-store"
uniqlo,62,analytics_estimate,LOW,"gripsintelligence uniqlo.com Sep 2024",""
vans,96,analytics_estimate,LOW,"Grips vans.com revenue/transactions",""
athleta,125,affiliate_program_listing,LOW,"uppromote directory",""
steve madden,138,analytics_estimate,MEDIUM,"gripsintelligence stevemadden.com",""
dickies,92,analytics_estimate,LOW,"Grips dickies.com ~Apr 2024",""
total wine,173,analytics_estimate,MEDIUM,"Grips totalwine.com; Yipit median $105",""
west marine,274,analytics_estimate,MEDIUM,"Grips westmarine.com revenue/transactions",""
stanley,88,analytics_estimate,MEDIUM,"gripsintelligence stanley1913.com Sep 2024",""
stubhub,250,analytics_estimate,LOW,"sacra.com ~2024","~$217 per ticket from S-1 press figures"
shein uk,158,analytics_estimate,MEDIUM,"Grips shein.co.uk Jul 2025 (GBP 119)","currency label uncertain"
shein fr,56.62,analytics_estimate,LOW,"ECDB global net AOV 2025","France online AOV not found"
samsung,757,analytics_estimate,MEDIUM,"ECDB 2025 (likely global)",""
singapore airlines,300,company_filing,MEDIUM,"SIA FY2025/26 revenue per passenger","per passenger, not per booking"
etihad,312,company_statement,MEDIUM,"Etihad 2025 results revenue per passenger",""
discovercars,,affiliate_program_listing,MEDIUM,"travelpayouts: ~$18-20 commission per booking","commission is profit share, not % of booking"
bubble,32,pricing_page,MEDIUM,"Starter monthly $32",""
quillbot,19.95,pricing_page,MEDIUM,"Premium monthly",""
malwarebytes,44.99,pricing_page,LOW,"1 device 1 year",""
sams club,60,company_statement,HIGH,"Club membership $60 (Plus $120) from May 2026",""
fubotv,73.99,analytics_estimate,LOW,"Pro plan; first-month discounts common",""
