rank,brand,network_account,offer_id,geo,search_volume,cpc_usd,earn_per_sale_usd,break_even_cr_pct,max_clicks,test_budget_usd,stop_if_zero_conv_after_clicks,payout_basis,evidence
1,Virgin Voyages,Impact NYJL,45098,US,368000,0.9,240.0,0.38,333,300,166,"12% x ~$2,000 cabin",AOV LOW (cruise prices)
2,Lenovo India,Impact NYJL,9634,IN,450000,0.09,14.34,0.63,478,43.02,239,"4% x ~INR 34,000 laptop = INR 1,360 (FX 94.84)",AOV LOW (price listings); payout in INR
3,Home Depot,Mony Group,145409,US,30400000,0.14,10.02,1.4,215,30.1,107,3.2% (most categories) x ~$313,"AOV LOW (Grips, 2024)"
4,DJI,Impact CyberKick,40334,US,246000,0.53,37.5,1.41,213,112.89,106,5% default x ~$750,AOV MEDIUM (Grips)
5,Vrbo,CJ NYJL,2691607,US,2740000,0.43,27.52,1.56,192,82.56,96,"2% x ~$1,376 booking",AOV LOW (KeyData)
6,Office Depot,Mony Group,145418,US,2740000,0.15,9.31,1.61,187,28.05,93,"2.4% x ~$388 (4% supplies, 0.4% electronics)","AOV LOW (Grips 2024, B2B-inflated)"
7,Sling TV,Cactus Media,145458,US,823000,0.6,30.0,2.0,150,90.0,75,fixed USD 30 per lead,FIXED payout
8,Walmart,Mony Group,145410,US,55600000,0.09,4.52,1.99,151,13.59,75,4% (general merchandise) x ~$113,AOV MEDIUM (Grips+ECDB)
9,SHEIN France,FlexOffers,75799,FR,3350000,0.14,6.79,2.06,146,20.44,73,12% NEW customers x ~$56.6 (global AOV),"AOV LOW (global, not FR); existing customers pay 0.8%"
10,West Marine,FlexOffers,75784,US,368000,0.38,16.44,2.31,130,49.4,65,6% x ~$274,AOV MEDIUM (Grips calc)
11,fuboTV,FlexOffers,75735,US,1500000,0.57,24.0,2.37,127,72.39,63,top tier USD 24 per subscription (range $0.80-$24),payout tier NOT VERIFIED
