brand,geo,search_volume,cpc_usd,earn_per_sale_eur,earn_per_sale_usd,break_even_cr_pct,max_clicks,test_budget_usd,payout_basis
waipu.tv,DE,450000,0.09,35,39.29,0.23,1310,117.9,"published fixed, up to EUR 35 (max of listed rates)"
sky.de,DE,450000,0.06,20,22.45,0.27,1123,67.38,digidip observed average commission per sale (mid)
Ulys (toll badge),FR,301000,0.03,9,10.1,0.3,1011,30.33,published fixed EUR 9
1&1,DE,450000,0.29,80,89.8,0.32,929,269.41,"published fixed, up to EUR 80 (max of listed rates)"
Freebox,FR,823000,0.45,50.8,57.02,0.79,381,171.45,digidip observed average per sale (mid)
Sueddeutsche Zeitung,DE,450000,1.4,130,145.93,0.96,214,300,"published fixed, up to EUR 130 (subscription)"
Free Mobile,FR,2240000,0.26,21.45,24.08,1.08,278,72.28,digidip observed average per sale (mid)
The Times,GB,301000,0.31,19.12,21.46,1.44,208,64.48,digidip observed average per sale (mid)
Air Caraibes,FR,246000,0.31,14.4,16.16,1.92,157,48.67,digidip observed average per sale (mid)
Depop,US,1830000,0.1,4.45,5.0,2.0,150,15.0,digidip observed average per sale (mid)
France Telephone,FR,246000,0.73,29.9,33.56,2.18,138,100.74,published fixed EUR 29.90
Biocoop,FR,246000,0.16,5.79,6.5,2.46,122,19.52,digidip observed average per sale (mid)
Qonto,FR,301000,1.68,60,67.35,2.49,121,203.28,published fixed EUR 60
TradingView,US,1220000,0.87,30.36,34.08,2.55,118,102.66,digidip observed average per sale (mid)
Home Depot (digidip),US,30400000,0.14,4.83,5.42,2.58,117,16.38,digidip observed average per sale (mid)
Expedia,US,5000000,0.15,4.56,5.12,2.93,103,15.45,digidip observed average per sale (mid)
fuboTV (digidip),US,1500000,0.57,9.98,11.2,5.09,59,33.63,digidip observed average per sale (mid)
