keyword,estimated_aov_usd,range,evidence_type,confidence,source,period,notes
vivid seats,324,329-380,company_filing,MEDIUM,"Vivid Seats FY2025 results (investors.vividseats.com): GOV $2,704.6M / 8.336M orders",FY2025,"GOV may include buyer fees; commission base not verified"
vrbo,1376,1000-4000,third_party_estimate,LOW,"KeyData 2025 Vrbo nightly rate $344 x ~4 nights (electroiq.com)",2025,"Rough; taxes/fees may be excluded from commission"
virgin voyages,2000,1090-2062 per cabin (5 nights),pricing_page,LOW,"icruise.com / virginvoyages.com cruise deals",2025-2026 sailings,"Price, not an average; taxes/port fees may be excluded"
airalo,11,3.50-185,third_party_estimate,LOW,"37X affiliate marketplace: average order $10.81",2025-2026,"Commission on final price after discounts"
humble bundle,6,4.09-6.40,company_statement,LOW,"Old bundle averages (mcvuk.com, gamedeveloper.com)",2011-2013,"Stale"
nordvpn,81,81-202,pricing_page,LOW,"nordvpn.com pricing / costbench.com: 2-year Basic plan",2026,"40% on new 6m/1y/2y plans; 100% on 1-month"
hostinger,143.52,95.52-191.52,pricing_page,MEDIUM,"hostinger.com/pricing: Premium $2.99/mo x 48 months",2026,"Third parties report a $300 max payout per sale"
hubspot,20,20-890/mo,third_party_estimate,LOW,"Starter $20/mo month-to-month ($180/yr annual)",2026,"30% recurring for 12 months only"
capcut,19.99,19.99-179.99,pricing_page,MEDIUM,"capcut.com help: Pro $19.99/mo or $179.99/yr",2026,"Monthly used as conservative first order"
postermywall,13,13-319,pricing_page,MEDIUM,"postermywall.com premium: $13/mo or $109/yr",2026,"Monthly used as conservative first order"
coursera,59,49-399,affiliate_program_listing,LOW,"coursera.org/courseraplus: Plus monthly $59",2026,"Subscriptions pay on first month only; annual Plus pays 10%"
udemy,20,9.99-50,third_party_estimate,LOW,"Typical course price (earnkaro.com); FY2025 consumer revenue/buyer ~$16.8/month",FY2025,""
pop mart,28,21-56,pricing_page,LOW,"Labubu blind box $27.99 (slickdeals, wral)",2025,"Price of one box, not an average"
aliexpress,35,28-140,third_party_estimate,MEDIUM,"ecdb.com AliExpress gross AOV $34.9 (global)",2025,""
dhgate,100,100-200,affiliate_program_listing,MEDIUM,"Awin DHgate merchant profile; FlexOffers",undated,""
cricut,210,200-225,third_party_estimate,MEDIUM,"gripsintelligence.com cricut.com: $10.5M / 48,462 transactions",June 2026,""
dji,750,700-1000,third_party_estimate,MEDIUM,"gripsintelligence.com dji.com",Sep 2025,""
ring doorbell,210,200-225,third_party_estimate,MEDIUM,"gripsintelligence.com ring.com",Apr 2026,""
casetify,70,60-150,third_party_estimate,LOW,"uppromote.com $60-80; Grips $125-150",2026,"Sources disagree"
fabletics,24,24-50,pricing_page,LOW,"New-VIP offer: 2 leggings for $24 (couponcabin)",2026,"First VIP order; site-wide AOV $75-100 includes repeat members"
upwork,,commission max $150,affiliate_program_listing,MEDIUM,"upwork.com/affiliates: 70% of first contract spend, capped at $150",2026,"Typical first spend NOT FOUND"
brandsmart,,,,,"NOT FOUND",,"Ask affiliate@bm1.brandsmart.com"
lenovo,,"INR 34,000-63,990 (about $358-675)",third_party_estimate,LOW,"91mobiles.com / giznext.com laptop prices; FX 94.84 INR/USD on 2026-09-08",2026,"Rate conflict: FlexOffers says 4% over INR 29,999 and 2.3% below"
