country,keyword,commercial_intent,intent_reason
US,airalo,HIGH,"People search the brand to buy a travel eSIM before a trip"
US,aliexpress,MEDIUM,"Shopping intent, but many are existing buyers checking orders or the app"
US,base44,MEDIUM,"Mix of new sign-ups and existing users logging in to the AI app builder"
US,brandsmart,MEDIUM,"Store shoppers, but many search for store hours and locations"
US,capcut,LOW,"Mostly people downloading or opening the free video editor"
US,casetify,HIGH,"Shoppers looking for phone cases on the brand's store"
US,coursera,MEDIUM,"Course seekers, but many existing learners logging in or after free courses"
US,cricut,MEDIUM,"Buyers of machines and supplies, but many existing users after Design Space"
US,dhgate,MEDIUM,"Shopping intent, many existing buyers navigating to the site"
US,dji,MEDIUM,"Drone buyers and many existing owners after support and firmware"
US,fabletics,MEDIUM,"Shoppers, but a large share are existing VIP members managing memberships"
US,freecash,MEDIUM,"People looking to sign up and earn; many existing users"
US,hostinger,HIGH,"Searchers comparing or buying web hosting"
US,hubspot,LOW,"Mostly existing users logging in to the CRM"
US,humble bundle,MEDIUM,"Game bundle shoppers; many check the current bundle without buying"
US,incogni,HIGH,"Newer subscription brand: searches are mostly people checking price and reviews before buying"
US,nordvpn,HIGH,"Brand searches for a VPN are typically pre-purchase (pricing, deal, download)"
US,omfort,LOW,"Volume looks merged with the word 'comfort'; real brand demand unknown"
US,pop mart,HIGH,"Collectors shopping for blind boxes and new releases"
US,postermywall,LOW,"Mostly users of the free design tool"
US,ring doorbell,HIGH,"Product-specific search for a doorbell camera to buy"
US,ringconn,HIGH,"Product-specific search for a smart ring"
US,shopify,LOW,"Mostly existing merchants logging in to their store"
US,udemy,MEDIUM,"Course buyers, but many existing learners logging in"
US,upwork,LOW,"Mostly freelancers and clients logging in to the marketplace"
US,verizon,LOW,"Mostly existing customers paying bills, checking accounts or outages"
US,virgin voyages,MEDIUM,"Cruise research; booking decisions are long"
US,vivid seats,HIGH,"People buying event tickets"
US,vrbo,HIGH,"Travellers searching to book a holiday rental"
GB,carwow,HIGH,"People comparing or buying a car, or selling theirs"
IN,lenovo,MEDIUM,"Laptop shoppers, but many after drivers and support"
