country,keyword,monthly_search_volume,cpc,cpc_currency
US,12go,,,
US,a-premium,,,
US,abelssoft,,,
US,abracadabra nyc,,,
US,acronis,,,
US,adblock ultimate,,,
US,aiper,,,
US,airalo,,,
US,airwallex,,,
US,aliexpress,,,
US,amotopart,,,
US,angles90,,,
US,aomei,,,
US,apexwill,,,
US,appsumo,,,
US,arbiship,,,
US,artemis ads,,,
US,ashampoo,,,
US,aspiron,,,
US,avast,,,
US,avg antivirus,,,
US,avira,,,
US,baby sunnies,,,
US,base44,,,
US,bdthemes,,,
US,big bat box,,,
US,bitdefender,,,
US,blockchain council,,,
US,bluehost,,,
US,bodyotics,,,
US,brandsmart,,,
US,bulldog online yoga,,,
US,byteplus,,,
US,capcut,,,
US,casetify,,,
US,classdojo tutor,,,
US,cloudfield,,,
US,cloudways,,,
US,coach soak,,,
US,contabo,,,
US,coofandy,,,
US,coreldraw,,,
US,coursera,,,
US,cricut,,,
US,dhgate,,,
US,directdeals,,,
US,dji,,,
US,dochub,,,
US,dumblescore,,,
US,dynadot,,,
US,easeus,,,
US,elegoo,,,
US,elementor,,,
US,envato elements,,,
US,envato market,,,
US,ereleases,,,
US,eureka vacuum,,,
US,eyeson,,,
US,fabletics,,,
US,fila,,,
US,fofana,,,
US,freecash,,,
US,gafly,,,
US,gandi,,,
US,gearup booster,,,
US,geekbuying,,,
US,gemini exchange,,,
US,hana emi,,,
US,happy sinks,,,
US,hidemy.name,,,
US,hieno supplies,,,
US,hostinger,,,
US,hostpapa,,,
US,hubspot,,,
US,humble bundle,,,
US,icevpn,,,
US,identity guard,,,
US,imobie,,,
US,imyfone,,,
US,incogni,,,
US,indo trick scooter,,,
US,inmotion hosting,,,
US,innovation refunds,,,
US,intego,,,
US,iolo system mechanic,,,
US,jalbum,,,
US,kamatera,,,
US,lifelock,,,
US,lightailing,,,
US,lightsaber.com,,,
US,linner hearing aids,,,
US,lumibricks,,,
US,lux sports,,,
US,macrosoft,,,
US,mail backup x,,,
US,margovil,,,
US,martinic,,,
US,maya mobile,,,
US,meta box wordpress,,,
US,metro x app,,,
US,mindmanager,,,
US,minitool,,,
US,mioeco,,,
US,modello turbo,,,
US,modlily,,,
US,movavi,,,
US,mushroomsupplies,,,
US,mysterium vpn,,,
US,netart,,,
US,nordlayer,,,
US,nordpass,,,
US,nordvpn,,,
US,norton,,,
US,novyro,,,
US,o&o software,,,
US,odinlake,,,
US,omfort,,,
US,onemile bike,,,
US,ontaki,,,
US,panda office,,,
US,paragon software,,,
US,parallels desktop,,,
US,parisrhone,,,
US,pelago,,,
US,penchant for pleasure,,,
US,pop mart,,,
US,popai,,,
US,postermywall,,,
US,preply,,,
US,promeed,,,
US,proton vpn,,,
US,pure scentum,,,
US,purevpn,,,
US,puzzle ready,,,
US,pyproxy,,,
US,quarkxpress,,,
US,ravin crossbows,,,
US,ravpower,,,
US,renderforest,,,
US,rexing,,,
US,ria money transfer,,,
US,ring doorbell,,,
US,ringconn,,,
US,roboform,,,
US,rowabi,,,
US,scalahosting,,,
US,shopify,,,
US,silginnes,,,
US,silksilky,,,
US,silver cuisine,,,
US,smile makers,,,
US,spaceship domains,,,
US,striking viking,,,
US,surfshark,,,
US,tanga,,,
US,tello mobile,,,
US,thehues,,,
US,thordata,,,
US,throwback traits,,,
US,ticketnetwork,,,
US,tiny land,,,
US,torras,,,
US,tunepat,,,
US,udemy,,,
US,ulike,,,
US,ultahost,,,
US,updf,,,
US,uperfect,,,
US,upwork,,,
US,veepn,,,
US,verizon,,,
US,virgin voyages,,,
US,vista social,,,
US,vivid seats,,,
US,vrbo,,,
US,wegic,,,
US,witopia,,,
US,wondershare,,,
US,wps office,,,
AR,lenovo,,,
AU,kaspersky,,,
AU,trend micro,,,
CA,aosom,,,
CL,lenovo,,,
CO,lenovo,,,
CZ,kaspersky,,,
DE,charlemagne premium,,,
DE,ulike,,,
FR,isinwheel,,,
FR,oneplus,,,
GB,aosom,,,
GB,baby deep sleep,,,
GB,byre,,,
GB,carwow,,,
GB,kaspersky,,,
GB,nudco,,,
GB,youfibre,,,
IN,lenovo,,,
MX,kaspersky,,,
NL,eufy,,,
NL,jackery,,,
TH,oppo,,,
