brand,network,network_account,geo,payout_type,search_volume,cpc,commercial_intent,break_even_payout_at_2pct_cr_usd,payout_value (e.g. 40 or 8%),network_share_pct (0 if none),verified_aov (only for % offers),paid_search_allowed (Yes/No),brand_bidding_allowed (Yes/No),direct_linking_allowed (Yes/No),tracking_reliability (HIGH/MEDIUM/LOW),conversions_reconcilable (Yes/No),offer_status (Active?),affiliate_link,terms_link,notes
verizon,CJ,CJ,US,CPA,6120000,2.23,LOW,111.50,,,,,,,,,,,,Offer ID 1629726; website verizon.com; offer name in network: Verizon; offer GEO not in export; search volume to be measured in US
vrbo,CJ,CJ,US,CPS,2740000,0.43,HIGH,21.50,,,,,,,,,,,,Offer ID 2691607; website vrbo.com; offer name in network: Vrbo; offer GEO not in export; search volume to be measured in US
aliexpress,CJ,CJ,US,CPS,1830000,0.45,MEDIUM,22.50,,,,,,,,,,,,Offer ID 7711902; website aliexpress.com; offer name in network: AliExpress - Global; offer GEO not in export; search volume to be measured in US
fabletics,Impact,Impact NYJL,US,CPS,1220000,0.2,MEDIUM,10.00,,,,,,,,,,,https://app.impact.com/Mediapartners/IRMzcDLLRBgC27859fLsNiJEwGoUpdMew1/Campaigns/32253/PublicTerms,Offer ID 32253; website fabletics.com; offer name in network: Fabletics Performance; offer GEOs: US
capcut,Impact,Impact NYJL,US,HYBRID,1000000,0.67,LOW,33.50,,,,,,,,,,,https://app.impact.com/Mediapartners/IRMzcDLLRBgC27859fLsNiJEwGoUpdMew1/Campaigns/22474/PublicTerms,"Offer ID 22474; website capcut.com; offer name in network: CapCut Affiliate Program; offer GEOs: AE, AG, AI, AR, AT, AU, BE, BH, BM, BR, BS, BY, CA, CH, CL, CR, CY, CZ, DE, DK, EE, ES, FI, FR, GB, GR, HK, HR, HU, IE, IL, IS, IT, JP, KN, KR, KW, KY, KZ, LT, LU, LV, MC, MD, ME, MO, MT, MV, MX, MY, NL, NO, NZ, OM, PA, PL, PT, QA, RO, SA, SE, SG, SI, SK, TH, TW, US, UY, VG, YU; search volume to be measured in US; hybrid payout: check whether there is a fixed CPA part"
shopify,Impact,Impact NYJL,US,CPA,1000000,5.81,LOW,290.50,,,,,,,,,,,https://app.impact.com/Mediapartners/IRMzcDLLRBgC27859fLsNiJEwGoUpdMew1/Campaigns/13624/PublicTerms,Offer ID 13624; website shopify.com; offer name in network: Shopify; offer GEOs: WORLDWIDE; search volume to be measured in US
capcut,Impact,Impact C,US,HYBRID,1000000,0.67,LOW,33.50,,,,,,,,,,,https://app.impact.com/Mediapartners/IR6uoKsVEBM92349536mSxRD7ykuLtunp1/Campaigns/22474/PublicTerms,"Offer ID 22474; website capcut.com; offer name in network: CapCut Affiliate Program; offer GEOs: AE, AG, AI, AR, AT, AU, BE, BH, BM, BR, BS, BY, CA, CH, CL, CR, CY, CZ, DE, DK, EE, ES, FI, FR, GB, GR, HK, HR, HU, IE, IL, IS, IT, JP, KN, KR, KW, KY, KZ, LT, LU, LV, MC, MD, ME, MO, MT, MV, MX, MY, NL, NO, NZ, OM, PA, PL, PT, QA, RO, SA, SE, SG, SI, SK, TH, TW, US, UY, VG, YU; search volume to be measured in US; hybrid payout: check whether there is a fixed CPA part"
shopify,Impact,Impact C,US,CPA,1000000,5.81,LOW,290.50,,,,,,,,,,,https://app.impact.com/Mediapartners/IR6uoKsVEBM92349536mSxRD7ykuLtunp1/Campaigns/13624/PublicTerms,Offer ID 13624; website shopify.com; offer name in network: Shopify; offer GEOs: WORLDWIDE; search volume to be measured in US
dhgate,Impact,Impact NYJL,US,CPS,823000,0.78,MEDIUM,39.00,,,,,,,,,,,https://app.impact.com/Mediapartners/IRMzcDLLRBgC27859fLsNiJEwGoUpdMew1/Campaigns/12108/PublicTerms,Offer ID 12108; website dhgate.com; offer name in network: DHgate; offer GEOs: WORLDWIDE; search volume to be measured in US
pop mart,Impact,Impact NYJL,US,CPS,823000,0.35,HIGH,17.50,,,,,,,,,,,https://app.impact.com/Mediapartners/IRMzcDLLRBgC27859fLsNiJEwGoUpdMew1/Campaigns/55611/PublicTerms,Offer ID 55611; website popmart.com; offer name in network: POP MART Americas Inc.; offer GEOs: US
dhgate,Impact,Impact C,US,CPS,823000,0.78,MEDIUM,39.00,,,,,,,,,,,https://app.impact.com/Mediapartners/IR6uoKsVEBM92349536mSxRD7ykuLtunp1/Campaigns/12108/PublicTerms,Offer ID 12108; website dhgate.com; offer name in network: DHgate; offer GEOs: WORLDWIDE; search volume to be measured in US
lenovo,Impact,Impact NYJL,IN,CPS,450000,0.09,MEDIUM,4.50,,,,,,,,,,,https://app.impact.com/Mediapartners/IRMzcDLLRBgC27859fLsNiJEwGoUpdMew1/Campaigns/9634/PublicTerms,Offer ID 9634; website lenovo.com; offer name in network: Lenovo India; offer GEOs: IN
casetify,Impact,Impact C,US,CPS,450000,0.67,HIGH,33.50,,,,,,,,,,,https://app.impact.com/Mediapartners/IR6uoKsVEBM92349536mSxRD7ykuLtunp1/Campaigns/43179/PublicTerms,Offer ID 43179; website casetify.com; offer name in network: CASETiFY UK; offer GEOs: WORLDWIDE; search volume to be measured in US
coursera,Impact,Impact C,US,CPS,450000,0.7,MEDIUM,35.00,,,,,,,,,,,https://app.impact.com/Mediapartners/IR6uoKsVEBM92349536mSxRD7ykuLtunp1/Campaigns/14726/PublicTerms,Offer ID 14726; website coursera.org; offer name in network: Coursera B2C Affiliate Program; offer GEOs: WORLDWIDE; search volume to be measured in US
nordvpn,CJ,CJ,US,CPS,368000,2.39,HIGH,119.50,,,,,,,,,,,,Offer ID 4837117; website nordvpn.com; offer name in network: NordVPN; offer GEO not in export; search volume to be measured in US
nordvpn,Impact,Impact NYJL,US,CPS,368000,2.39,HIGH,119.50,,,,,,,,,,,https://app.impact.com/Mediapartners/IRMzcDLLRBgC27859fLsNiJEwGoUpdMew1/Campaigns/7452/PublicTerms,Offer ID 7452; website nordvpn.com; offer name in network: NordVPN; offer GEOs: WORLDWIDE; search volume to be measured in US
udemy,Impact,Impact NYJL,US,HYBRID,368000,0.57,MEDIUM,28.50,,,,,,,,,,,https://app.impact.com/Mediapartners/IRMzcDLLRBgC27859fLsNiJEwGoUpdMew1/Campaigns/39854/PublicTerms,Offer ID 39854; website udemy.com; offer name in network: Udemy; offer GEOs: WORLDWIDE; search volume to be measured in US; contract ends 2026-10-01 (ALREADY PASSED); promo ends 2026-09-22 (ALREADY PASSED); hybrid payout: check whether there is a fixed CPA part
upwork,Impact,Impact NYJL,US,CPS,368000,2.86,LOW,143.00,,,,,,,,,,,https://app.impact.com/Mediapartners/IRMzcDLLRBgC27859fLsNiJEwGoUpdMew1/Campaigns/13634/PublicTerms,Offer ID 13634; website upwork.com; offer name in network: Upwork; offer GEOs: WORLDWIDE; search volume to be measured in US
virgin voyages,Impact,Impact NYJL,US,CPS,368000,0.9,MEDIUM,45.00,,,,,,,,,,,https://app.impact.com/Mediapartners/IRMzcDLLRBgC27859fLsNiJEwGoUpdMew1/Campaigns/45098/PublicTerms,Offer ID 45098; website virginvoyages.com; offer name in network: Virgin Voyages; offer GEOs: US
vivid seats,Impact,Impact NYJL,US,CPS,368000,1.96,HIGH,98.00,,,,,,,,,,,https://app.impact.com/Mediapartners/IRMzcDLLRBgC27859fLsNiJEwGoUpdMew1/Campaigns/12730/PublicTerms,"Offer ID 12730; website vividseats.com; offer name in network: Vivid Seats; offer GEOs: CA, GB, US; search volume to be measured in US"
hubspot,Impact,Impact C,US,CPS,368000,8.58,LOW,429.00,,,,,,,,,,,https://app.impact.com/Mediapartners/IR6uoKsVEBM92349536mSxRD7ykuLtunp1/Campaigns/12893/PublicTerms,"Offer ID 12893; website hubspot.com; offer name in network: HubSpot; offer GEOs: AD, AE, AF, AG, AI, AL, AM, AO, AR, AT, AU, AW, AZ, BA, BB, BD, BE, BG, BH, BJ, BM, BN, BO, BR, BS, BW, BY, BZ, CA, CD, CH, CI, CK, CL, CM, CN, CO, CR, CV, CY, CZ, DE, DK, DO, DZ, EC, EE, EG, ER, ES, FI, FJ, FO, FR, GA, GB, GD, GE, GF, GG, GH, GI, GM, GR, GT, GU, GY, HK, HN, HR, HU, ID, IE, IL, IN, IO, IQ, IS, IT, JM, JO, JP, KE, KG, KH, KN, KR, KW, KY, KZ, LA, LB, LC, LI, LK, LR, LT, LU, LV, MA, MC, ME, MG, MH, MM, MN, MO, MP, MR, MT, MU, MV, MX, MY, MZ, NA, NC, NG, NI, NL, NO, NP, NU, NZ, OM, PA, PE, PF, PG, PH, PK, PL, PR, PT, PY, QA, RE, RO, RU, RW, SA, SC, SE, SG, SH, SI, SL, SM, SN, SO, SR, SV, SZ, TG, TH, TK, TM, TN, TR, TT, TW, TZ, UA, UG, US, UY, UZ, VC, VE, VG, VI, VN, VU, WS, YE, YU, ZA, ZM, ZW; search volume to be measured in US"
nordvpn,Impact,Impact C,US,CPS,368000,2.39,HIGH,119.50,,,,,,,,,,,https://app.impact.com/Mediapartners/IR6uoKsVEBM92349536mSxRD7ykuLtunp1/Campaigns/7452/PublicTerms,Offer ID 7452; website nordvpn.com; offer name in network: NordVPN; offer GEOs: WORLDWIDE; search volume to be measured in US
incogni,CJ,CJ,US,CPA,301000,4.72,HIGH,236.00,,,,,,,,,,,,Offer ID 6867883; website incogni.com; offer name in network: Incogni; offer GEO not in export; search volume to be measured in US
base44,Impact,Impact NYJL,US,CPA,301000,3.15,MEDIUM,157.50,,,,,,,,,,,https://app.impact.com/Mediapartners/IRMzcDLLRBgC27859fLsNiJEwGoUpdMew1/Campaigns/25619/PublicTerms,Offer ID 25619; website base44.com; offer name in network: Base44; offer GEOs: WORLDWIDE; search volume to be measured in US
cricut,Impact,Impact NYJL,US,CPS,301000,0.53,MEDIUM,26.50,,,,,,,,,,,https://app.impact.com/Mediapartners/IRMzcDLLRBgC27859fLsNiJEwGoUpdMew1/Campaigns/15311/PublicTerms,"Offer ID 15311; website cricut.com; offer name in network: Cricut US & CAN; offer GEOs: CA, US; search volume to be measured in US"
humble bundle,Impact,Impact NYJL,US,HYBRID,301000,0.16,MEDIUM,8.00,,,,,,,,,,,https://app.impact.com/Mediapartners/IRMzcDLLRBgC27859fLsNiJEwGoUpdMew1/Campaigns/25796/PublicTerms,"Offer ID 25796; website humblebundle.com; offer name in network: Humble Bundle, Inc.; offer GEOs: WORLDWIDE; search volume to be measured in US; promo ends 2026-09-24 (ALREADY PASSED); hybrid payout: check whether there is a fixed CPA part"
base44,Impact,Impact C,US,,301000,3.15,MEDIUM,157.50,,,,,,,,,,,https://app.impact.com/Mediapartners/IR6uoKsVEBM92349536mSxRD7ykuLtunp1/Campaigns/25619/PublicTerms,Offer ID 25619; website base44.com; offer name in network: Base44; offer GEOs: WORLDWIDE; search volume to be measured in US
airalo,Impact,Impact NYJL,US,CPS,246000,1.69,HIGH,84.50,,,,,,,,,,,https://app.impact.com/Mediapartners/IRMzcDLLRBgC27859fLsNiJEwGoUpdMew1/Campaigns/15608/PublicTerms,Offer ID 15608; website airalo.com; offer name in network: Airalo; offer GEOs: WORLDWIDE; search volume to be measured in US
carwow,Impact,Impact NYJL,GB,CPA,246000,1.69,HIGH,84.50,,,,,,,,,,,https://app.impact.com/Mediapartners/IRMzcDLLRBgC27859fLsNiJEwGoUpdMew1/Campaigns/15470/PublicTerms,"Offer ID 15470; website carwow.co.uk; offer name in network: Carwow UK; offer GEOs: DE, ES, GB; search volume to be measured in GB"
freecash,Impact,Impact NYJL,US,CPL,246000,1.52,MEDIUM,76.00,,,,,,,,,,,https://app.impact.com/Mediapartners/IRMzcDLLRBgC27859fLsNiJEwGoUpdMew1/Campaigns/22930/PublicTerms,"Offer ID 22930; website almedia.co; offer name in network: Freecash; offer GEOs: AT, AU, BE, CA, CH, DE, FR, GB, JP, NL, PL, SE, US; search volume to be measured in US"
brandsmart,Impact,Impact C,US,CPS,246000,0.6,MEDIUM,30.00,,,,,,,,,,,https://app.impact.com/Mediapartners/IR6uoKsVEBM92349536mSxRD7ykuLtunp1/Campaigns/52119/PublicTerms,Offer ID 52119; website brandsmartusa.com; offer name in network: BrandsMart USA; offer GEOs: US
carwow,Impact,Impact C,GB,CPA,246000,1.69,HIGH,84.50,,,,,,,,,,,https://app.impact.com/Mediapartners/IR6uoKsVEBM92349536mSxRD7ykuLtunp1/Campaigns/15470/PublicTerms,"Offer ID 15470; website carwow.co.uk; offer name in network: Carwow UK; offer GEOs: DE, ES, GB; search volume to be measured in GB"
dji,Impact,Impact C,US,CPS,246000,0.53,MEDIUM,26.50,,,,,,,,,,,https://app.impact.com/Mediapartners/IR6uoKsVEBM92349536mSxRD7ykuLtunp1/Campaigns/40334/PublicTerms,Offer ID 40334; website djiusa.com; offer name in network: djiusa.com; offer GEOs: US
hostinger,Impact,Impact NYJL,US,CPS,201000,1.32,HIGH,66.00,,,,,,,,,,,https://app.impact.com/Mediapartners/IRMzcDLLRBgC27859fLsNiJEwGoUpdMew1/Campaigns/12282/PublicTerms,"Offer ID 12282; website hostinger.com; offer name in network: Hostinger; offer GEOs: AD, AE, AM, AO, AR, AT, AU, AZ, BA, BD, BE, BG, BH, BO, BR, BS, CA, CF, CH, CL, CN, CO, CR, CU, CY, CZ, DE, DK, DO, DZ, EC, EE, EG, ES, ET, FI, FR, GB, GE, GH, GL, GR, GT, HK, HR, HU, ID, IE, IL, IN, IS, IT, JM, JO, JP, KE, KH, KP, KR, LB, LI, LK, LT, LU, LV, MA, MC, MD, ME, MK, MT, MX, MY, NA, NG, NL, NO, NP, NZ, OM, PE, PH, PK, PL, PR, PT, PY, QA, RO, SA, SE, SG, SI, SK, SL, SM, SN, SV, TH, TN, TR, TW, TZ, UA, US, UY, VE, VG, VN, ZA; search volume to be measured in US"
postermywall,Impact,Impact NYJL,US,CPS,201000,1.14,LOW,57.00,,,,,,,,,,,https://app.impact.com/Mediapartners/IRMzcDLLRBgC27859fLsNiJEwGoUpdMew1/Campaigns/27476/PublicTerms,Offer ID 27476; website postermywall.com; offer name in network: PosterMyWall; offer GEOs: WORLDWIDE; search volume to be measured in US
ring doorbell,Impact,Impact C,US,CPS,201000,1.86,HIGH,93.00,,,,,,,,,,,https://app.impact.com/Mediapartners/IR6uoKsVEBM92349536mSxRD7ykuLtunp1/Campaigns/30431/PublicTerms,Offer ID 30431; website ring.com; offer name in network: Ring; offer GEOs: US
ringconn,Impact,Impact C,US,CPS,201000,1.46,HIGH,73.00,,,,,,,,,,,https://app.impact.com/Mediapartners/IR6uoKsVEBM92349536mSxRD7ykuLtunp1/Campaigns/20222/PublicTerms,"Offer ID 20222; website ringconn.com; offer name in network: RingConn; offer GEOs: AE, AU, CA, CZ, DE, DK, FI, FR, GB, HK, HU, IS, IT, LT, LU, LV, MO, PL, PT, US; search volume to be measured in US"
